noise_rate,eve_probability,trials,bits_per_trial,mean_qber,std_qber,min_qber,max_qber,mean_sifted_key_length
0.0,0.0,10,1000,0.0,0.0,0.0,0.0,498.1
0.0,0.05,10,1000,0.01372296604375229,0.002432729534989618,0.0102880658436214,0.01818181818181818,495.5
0.0,0.1,10,1000,0.024953147321962247,0.005794597400998176,0.015717092337917484,0.03536345776031434,500.9
0.0,0.25,10,1000,0.06252106642753238,0.011276900118944139,0.049484536082474224,0.07862903225806452,495.5
0.0,0.5,10,1000,0.12992540591816548,0.013532474241150972,0.10344827586206896,0.14435146443514643,499.6
0.0,1.0,10,1000,0.1275259414826916,0.01941569984885029,0.10707456978967496,0.16731517509727625,496.4
0.01,0.0,10,1000,0.004871775983691508,0.0032972328769174577,0.0019646365422396855,0.011428571428571429,510
0.01,0.05,10,1000,0.015592472161819632,0.00410017284325727,0.009900990099009901,0.021912350597609563,493.9
0.01,0.1,10,1000,0.03389358954194192,0.009486899212154898,0.01775147928994083,0.04873294346978557,504.9
0.01,0.25,10,1000,0.06227092752481217,0.013648747986628828,0.048484848484848485,0.09019607843137255,510.6
0.01,0.5,10,1000,0.13362877064529638,0.016939197498796653,0.11226611226611227,0.15568862275449102,487.9
0.01,1.0,10,1000,0.12977758992397004,0.01378266198585674,0.10778443113772455,0.15547024952015356,496.8
0.02,0.0,10,1000,0.00966017165879151,0.006350456250309316,0.002008032128514056,0.019801980198019802,494.3
0.02,0.05,10,1000,0.02352287215790059,0.0065998609396544375,0.016632016632016633,0.036734693877551024,492.5
0.02,0.1,10,1000,0.0336780474530718,0.008239810762267413,0.025540275049115914,0.04771371769383698,502.6
0.02,0.25,10,1000,0.082964862602424,0.011927428567662417,0.056818181818181816,0.09873949579831932,504.7
0.02,0.5,10,1000,0.137934939434446,0.012223831106561674,0.10677618069815195,0.14960629921259844,494
0.02,1.0,10,1000,0.13259204317151668,0.020219210016195328,0.10240963855421686,0.15873015873015872,500.8
0.05,0.0,10,1000,0.023824172204637256,0.012484621964820617,0.004158004158004158,0.04426559356136821,500
0.05,0.05,10,1000,0.03916122141627115,0.010136163866182506,0.028462998102466792,0.053465346534653464,502.8
0.05,0.1,10,1000,0.04846415011276731,0.013306662983570519,0.03420523138832998,0.07045009784735812,503.4
0.05,0.25,10,1000,0.0824076452633479,0.008146578482817204,0.06804123711340206,0.09036144578313253,493.7
0.05,0.5,10,1000,0.1537593779243163,0.011229011978622043,0.13690476190476192,0.17475728155339806,509.5
0.05,1.0,10,1000,0.1544008447612078,0.010623774460049263,0.13821138211382114,0.16700201207243462,497.4
