threshold,accuracy,precision,recall,f1,roc_auc,pr_auc,model
0.8499999999999996,0.9994443341932924,0.9997439836149513,0.99906191369606,0.9994028322811807,0.9999933581319203,0.9999927196677864,LightGBM
0.8599999999999995,0.9994443341932924,0.9997439836149513,0.99906191369606,0.9994028322811807,0.9999933581319203,0.9999927196677864,LightGBM
0.8699999999999996,0.9994443341932924,0.9997439836149513,0.99906191369606,0.9994028322811807,0.9999933581319203,0.9999927196677864,LightGBM
0.8799999999999996,0.9994443341932924,0.9997439836149513,0.99906191369606,0.9994028322811807,0.9999933581319203,0.9999927196677864,LightGBM
0.8899999999999996,0.9994443341932924,0.9997439836149513,0.99906191369606,0.9994028322811807,0.9999933581319203,0.9999927196677864,LightGBM
0.8999999999999996,0.9994443341932924,0.9997439836149513,0.99906191369606,0.9994028322811807,0.9999933581319203,0.9999927196677864,LightGBM
0.1,0.9994046437785274,0.9991475577529623,0.9995735971345727,0.999360532037345,0.9999933581319203,0.9999927196677864,LightGBM
0.11,0.9994046437785274,0.9991475577529623,0.9995735971345727,0.999360532037345,0.9999933581319203,0.9999927196677864,LightGBM
0.23999999999999994,0.9994046437785274,0.9993178135925642,0.9994030359884019,0.9993604229736068,0.9999933581319203,0.9999927196677864,LightGBM
0.24999999999999992,0.9994046437785274,0.9993178135925642,0.9994030359884019,0.9993604229736068,0.9999933581319203,0.9999927196677864,LightGBM
0.2599999999999999,0.9994046437785274,0.9993178135925642,0.9994030359884019,0.9993604229736068,0.9999933581319203,0.9999927196677864,LightGBM
0.2699999999999999,0.9994046437785274,0.9993178135925642,0.9994030359884019,0.9993604229736068,0.9999933581319203,0.9999927196677864,LightGBM
0.6099999999999998,0.9994046437785274,0.9995734152376077,0.9991471942691454,0.999360259308227,0.9999933581319203,0.9999927196677864,LightGBM
0.6199999999999998,0.9994046437785274,0.9995734152376077,0.9991471942691454,0.999360259308227,0.9999933581319203,0.9999927196677864,LightGBM
0.6299999999999997,0.9994046437785274,0.9995734152376077,0.9991471942691454,0.999360259308227,0.9999933581319203,0.9999927196677864,LightGBM
0.6399999999999997,0.9994046437785274,0.9995734152376077,0.9991471942691454,0.999360259308227,0.9999933581319203,0.9999927196677864,LightGBM
0.6499999999999997,0.9994046437785274,0.9995734152376077,0.9991471942691454,0.999360259308227,0.9999933581319203,0.9999927196677864,LightGBM
0.6599999999999997,0.9994046437785274,0.9995734152376077,0.9991471942691454,0.999360259308227,0.9999933581319203,0.9999927196677864,LightGBM
0.6699999999999997,0.9994046437785274,0.9995734152376077,0.9991471942691454,0.999360259308227,0.9999933581319203,0.9999927196677864,LightGBM
0.6799999999999997,0.9994046437785274,0.9995734152376077,0.9991471942691454,0.999360259308227,0.9999933581319203,0.9999927196677864,LightGBM
0.7299999999999996,0.9994046437785274,0.9996586739482891,0.99906191369606,0.999360204734485,0.9999933581319203,0.9999927196677864,LightGBM
0.7399999999999997,0.9994046437785274,0.9996586739482891,0.99906191369606,0.999360204734485,0.9999933581319203,0.9999927196677864,LightGBM
0.7499999999999997,0.9994046437785274,0.9996586739482891,0.99906191369606,0.999360204734485,0.9999933581319203,0.9999927196677864,LightGBM
0.7599999999999997,0.9994046437785274,0.9996586739482891,0.99906191369606,0.999360204734485,0.9999933581319203,0.9999927196677864,LightGBM
0.7699999999999997,0.9994046437785274,0.9996586739482891,0.99906191369606,0.999360204734485,0.9999933581319203,0.9999927196677864,LightGBM
0.7799999999999997,0.9994046437785274,0.9996586739482891,0.99906191369606,0.999360204734485,0.9999933581319203,0.9999927196677864,LightGBM
0.7899999999999996,0.9994046437785274,0.9996586739482891,0.99906191369606,0.999360204734485,0.9999933581319203,0.9999927196677864,LightGBM
0.7999999999999996,0.9994046437785274,0.9996586739482891,0.99906191369606,0.999360204734485,0.9999933581319203,0.9999927196677864,LightGBM
0.8099999999999996,0.9994046437785274,0.9996586739482891,0.99906191369606,0.999360204734485,0.9999933581319203,0.9999927196677864,LightGBM
0.8199999999999996,0.9994046437785274,0.9996586739482891,0.99906191369606,0.999360204734485,0.9999933581319203,0.9999927196677864,LightGBM
0.8299999999999996,0.9994046437785274,0.9996586739482891,0.99906191369606,0.999360204734485,0.9999933581319203,0.9999927196677864,LightGBM
0.8399999999999996,0.9994046437785274,0.9996586739482891,0.99906191369606,0.999360204734485,0.9999933581319203,0.9999927196677864,LightGBM
0.12,0.9993649533637626,0.9991474850809889,0.9994883165614873,0.9993178717598908,0.9999933581319203,0.9999927196677864,LightGBM
0.13,0.9993649533637626,0.9991474850809889,0.9994883165614873,0.9993178717598908,0.9999933581319203,0.9999927196677864,LightGBM
0.13999999999999999,0.9993649533637626,0.9991474850809889,0.9994883165614873,0.9993178717598908,0.9999933581319203,0.9999927196677864,LightGBM
0.14999999999999997,0.9993649533637626,0.9991474850809889,0.9994883165614873,0.9993178717598908,0.9999933581319203,0.9999927196677864,LightGBM
0.15999999999999998,0.9993649533637626,0.9991474850809889,0.9994883165614873,0.9993178717598908,0.9999933581319203,0.9999927196677864,LightGBM
0.16999999999999998,0.9993649533637626,0.9991474850809889,0.9994883165614873,0.9993178717598908,0.9999933581319203,0.9999927196677864,LightGBM
0.17999999999999997,0.9993649533637626,0.9991474850809889,0.9994883165614873,0.9993178717598908,0.9999933581319203,0.9999927196677864,LightGBM
0.22999999999999995,0.9993649533637626,0.9992326057298773,0.9994030359884019,0.9993178135925642,0.9999933581319203,0.9999927196677864,LightGBM
0.2799999999999999,0.9993649533637626,0.9993177554153164,0.9993177554153164,0.9993177554153164,0.9999933581319203,0.9999927196677864,LightGBM
0.2899999999999999,0.9993649533637626,0.9993177554153164,0.9993177554153164,0.9993177554153164,0.9999933581319203,0.9999927196677864,LightGBM
0.29999999999999993,0.9993649533637626,0.9993177554153164,0.9993177554153164,0.9993177554153164,0.9999933581319203,0.9999927196677864,LightGBM
0.30999999999999994,0.9993649533637626,0.9993177554153164,0.9993177554153164,0.9993177554153164,0.9999933581319203,0.9999927196677864,LightGBM
0.3199999999999999,0.9993649533637626,0.9993177554153164,0.9993177554153164,0.9993177554153164,0.9999933581319203,0.9999927196677864,LightGBM
0.4199999999999998,0.9993649533637626,0.9994029341521665,0.999232474842231,0.999317697228145,0.9999933581319203,0.9999927196677864,LightGBM
0.4299999999999998,0.9993649533637626,0.9994029341521665,0.999232474842231,0.999317697228145,0.9999933581319203,0.9999927196677864,LightGBM
0.43999999999999984,0.9993649533637626,0.9994029341521665,0.999232474842231,0.999317697228145,0.9999933581319203,0.9999927196677864,LightGBM
0.46999999999999986,0.9993649533637626,0.9994881419552978,0.9991471942691454,0.9993176390310474,0.9999933581319203,0.9999927196677864,LightGBM
0.47999999999999976,0.9993649533637626,0.9994881419552978,0.9991471942691454,0.9993176390310474,0.9999933581319203,0.9999927196677864,LightGBM
0.48999999999999977,0.9993649533637626,0.9994881419552978,0.9991471942691454,0.9993176390310474,0.9999933581319203,0.9999927196677864,LightGBM
0.4999999999999998,0.9993649533637626,0.9994881419552978,0.9991471942691454,0.9993176390310474,0.9999933581319203,0.9999927196677864,LightGBM
0.5099999999999998,0.9993649533637626,0.9994881419552978,0.9991471942691454,0.9993176390310474,0.9999933581319203,0.9999927196677864,LightGBM
0.5199999999999998,0.9993649533637626,0.9994881419552978,0.9991471942691454,0.9993176390310474,0.9999933581319203,0.9999927196677864,LightGBM
0.5299999999999998,0.9993649533637626,0.9994881419552978,0.9991471942691454,0.9993176390310474,0.9999933581319203,0.9999927196677864,LightGBM
0.5399999999999998,0.9993649533637626,0.9994881419552978,0.9991471942691454,0.9993176390310474,0.9999933581319203,0.9999927196677864,LightGBM
0.5499999999999998,0.9993649533637626,0.9994881419552978,0.9991471942691454,0.9993176390310474,0.9999933581319203,0.9999927196677864,LightGBM
0.5599999999999997,0.9993649533637626,0.9994881419552978,0.9991471942691454,0.9993176390310474,0.9999933581319203,0.9999927196677864,LightGBM
0.5699999999999997,0.9993649533637626,0.9994881419552978,0.9991471942691454,0.9993176390310474,0.9999933581319203,0.9999927196677864,LightGBM
0.5799999999999997,0.9993649533637626,0.9994881419552978,0.9991471942691454,0.9993176390310474,0.9999933581319203,0.9999927196677864,LightGBM
0.5899999999999997,0.9993649533637626,0.9994881419552978,0.9991471942691454,0.9993176390310474,0.9999933581319203,0.9999927196677864,LightGBM
0.5999999999999998,0.9993649533637626,0.9994881419552978,0.9991471942691454,0.9993176390310474,0.9999933581319203,0.9999927196677864,LightGBM
0.6899999999999997,0.9993649533637626,0.9995733788395904,0.99906191369606,0.9993175808240211,0.9999933581319203,0.9999927196677864,LightGBM
0.6999999999999996,0.9993649533637626,0.9995733788395904,0.99906191369606,0.9993175808240211,0.9999933581319203,0.9999927196677864,LightGBM
0.7099999999999996,0.9993649533637626,0.9995733788395904,0.99906191369606,0.9993175808240211,0.9999933581319203,0.9999927196677864,LightGBM
0.7199999999999996,0.9993649533637626,0.9995733788395904,0.99906191369606,0.9993175808240211,0.9999933581319203,0.9999927196677864,LightGBM
0.18999999999999995,0.9993252629489978,0.9991474123966237,0.9994030359884019,0.9992752078448092,0.9999933581319203,0.9999927196677864,LightGBM
0.19999999999999996,0.9993252629489978,0.9991474123966237,0.9994030359884019,0.9992752078448092,0.9999933581319203,0.9999927196677864,LightGBM
0.20999999999999996,0.9993252629489978,0.9991474123966237,0.9994030359884019,0.9992752078448092,0.9999933581319203,0.9999927196677864,LightGBM
0.21999999999999995,0.9993252629489978,0.9991474123966237,0.9994030359884019,0.9992752078448092,0.9999933581319203,0.9999927196677864,LightGBM
0.32999999999999985,0.9993252629489978,0.999317697228145,0.999232474842231,0.999275084218157,0.9999933581319203,0.9999927196677864,LightGBM
0.33999999999999986,0.9993252629489978,0.999317697228145,0.999232474842231,0.999275084218157,0.9999933581319203,0.9999927196677864,LightGBM
0.34999999999999987,0.9993252629489978,0.999317697228145,0.999232474842231,0.999275084218157,0.9999933581319203,0.9999927196677864,LightGBM
0.3599999999999999,0.9993252629489978,0.999317697228145,0.999232474842231,0.999275084218157,0.9999933581319203,0.9999927196677864,LightGBM
0.3699999999999999,0.9993252629489978,0.999317697228145,0.999232474842231,0.999275084218157,0.9999933581319203,0.9999927196677864,LightGBM
0.3799999999999999,0.9993252629489978,0.999317697228145,0.999232474842231,0.999275084218157,0.9999933581319203,0.9999927196677864,LightGBM
0.3899999999999999,0.9993252629489978,0.999317697228145,0.999232474842231,0.999275084218157,0.9999933581319203,0.9999927196677864,LightGBM
0.3999999999999998,0.9993252629489978,0.999317697228145,0.999232474842231,0.999275084218157,0.9999933581319203,0.9999927196677864,LightGBM
0.4099999999999998,0.9993252629489978,0.999317697228145,0.999232474842231,0.999275084218157,0.9999933581319203,0.9999927196677864,LightGBM
0.44999999999999984,0.9993252629489978,0.9994028832210186,0.9991471942691454,0.9992750223890144,0.9999933581319203,0.9999927196677864,LightGBM
0.45999999999999985,0.9993252629489978,0.9994028832210186,0.9991471942691454,0.9992750223890144,0.9999933581319203,0.9999927196677864,LightGBM
0.3599999999999999,0.9994046437785274,0.9994029850746269,0.9993177554153164,0.9993603684277856,0.9999916359316173,0.9999905829058313,CatBoost
0.3699999999999999,0.9994046437785274,0.9994029850746269,0.9993177554153164,0.9993603684277856,0.9999916359316173,0.9999905829058313,CatBoost
0.3799999999999999,0.9994046437785274,0.9994029850746269,0.9993177554153164,0.9993603684277856,0.9999916359316173,0.9999905829058313,CatBoost
0.32999999999999985,0.9993649533637626,0.9993177554153164,0.9993177554153164,0.9993177554153164,0.9999916359316173,0.9999905829058313,CatBoost
0.33999999999999986,0.9993649533637626,0.9993177554153164,0.9993177554153164,0.9993177554153164,0.9999916359316173,0.9999905829058313,CatBoost
0.34999999999999987,0.9993649533637626,0.9993177554153164,0.9993177554153164,0.9993177554153164,0.9999916359316173,0.9999905829058313,CatBoost
0.3899999999999999,0.9993649533637626,0.9994029341521665,0.999232474842231,0.999317697228145,0.9999916359316173,0.9999905829058313,CatBoost
0.3999999999999998,0.9993649533637626,0.9994029341521665,0.999232474842231,0.999317697228145,0.9999916359316173,0.9999905829058313,CatBoost
0.29999999999999993,0.9993252629489978,0.9992325402916347,0.9993177554153164,0.9992751460367544,0.9999916359316173,0.9999905829058313,CatBoost
0.30999999999999994,0.9993252629489978,0.9992325402916347,0.9993177554153164,0.9992751460367544,0.9999916359316173,0.9999905829058313,CatBoost
0.3199999999999999,0.9993252629489978,0.9992325402916347,0.9993177554153164,0.9992751460367544,0.9999916359316173,0.9999905829058313,CatBoost
0.2799999999999999,0.999285572534233,0.9991473396998636,0.9993177554153164,0.9992325402916347,0.9999916359316173,0.9999905829058313,CatBoost
0.2899999999999999,0.999285572534233,0.9991473396998636,0.9993177554153164,0.9992325402916347,0.9999916359316173,0.9999905829058313,CatBoost
0.4099999999999998,0.999285572534233,0.9994028322811807,0.99906191369606,0.9992323439099283,0.9999916359316173,0.9999905829058313,CatBoost
0.4199999999999998,0.999285572534233,0.9994028322811807,0.99906191369606,0.9992323439099283,0.9999916359316173,0.9999905829058313,CatBoost
0.4299999999999998,0.999285572534233,0.9994028322811807,0.99906191369606,0.9992323439099283,0.9999916359316173,0.9999905829058313,CatBoost
0.4999999999999998,0.999285572534233,0.9995733060249189,0.9988913525498891,0.9992322129329466,0.9999916359316173,0.9999905829058313,CatBoost
0.5099999999999998,0.999285572534233,0.9995733060249189,0.9988913525498891,0.9992322129329466,0.9999916359316173,0.9999905829058313,CatBoost
0.5199999999999998,0.999285572534233,0.9995733060249189,0.9988913525498891,0.9992322129329466,0.9999916359316173,0.9999905829058313,CatBoost
0.5299999999999998,0.999285572534233,0.9995733060249189,0.9988913525498891,0.9992322129329466,0.9999916359316173,0.9999905829058313,CatBoost
0.5399999999999998,0.999285572534233,0.9995733060249189,0.9988913525498891,0.9992322129329466,0.9999916359316173,0.9999905829058313,CatBoost
0.5499999999999998,0.999285572534233,0.9995733060249189,0.9988913525498891,0.9992322129329466,0.9999916359316173,0.9999905829058313,CatBoost
0.5599999999999997,0.999285572534233,0.9995733060249189,0.9988913525498891,0.9992322129329466,0.9999916359316173,0.9999905829058313,CatBoost
0.19999999999999996,0.9992458821194682,0.9988920139776698,0.9994883165614873,0.9991900763033378,0.9999916359316173,0.9999905829058313,CatBoost
0.20999999999999996,0.9992458821194682,0.9989770693035547,0.9994030359884019,0.9991900072473036,0.9999916359316173,0.9999905829058313,CatBoost
0.21999999999999995,0.9992458821194682,0.9989770693035547,0.9994030359884019,0.9991900072473036,0.9999916359316173,0.9999905829058313,CatBoost
0.22999999999999995,0.9992458821194682,0.9989770693035547,0.9994030359884019,0.9991900072473036,0.9999916359316173,0.9999905829058313,CatBoost
0.23999999999999994,0.9992458821194682,0.9990621536362861,0.9993177554153164,0.9991899381794926,0.9999916359316173,0.9999905829058313,CatBoost
0.24999999999999992,0.9992458821194682,0.9990621536362861,0.9993177554153164,0.9991899381794926,0.9999916359316173,0.9999905829058313,CatBoost
0.2599999999999999,0.9992458821194682,0.9990621536362861,0.9993177554153164,0.9991899381794926,0.9999916359316173,0.9999905829058313,CatBoost
0.2699999999999999,0.9992458821194682,0.9990621536362861,0.9993177554153164,0.9991899381794926,0.9999916359316173,0.9999905829058313,CatBoost
0.43999999999999984,0.9992458821194682,0.9994027813326508,0.9989766331229746,0.9991896617904209,0.9999916359316173,0.9999905829058313,CatBoost
0.45999999999999985,0.9992458821194682,0.9994880109224337,0.9988913525498891,0.9991895926636809,0.9999916359316173,0.9999905829058313,CatBoost
0.46999999999999986,0.9992458821194682,0.9994880109224337,0.9988913525498891,0.9991895926636809,0.9999916359316173,0.9999905829058313,CatBoost
0.47999999999999976,0.9992458821194682,0.9994880109224337,0.9988913525498891,0.9991895926636809,0.9999916359316173,0.9999905829058313,CatBoost
0.48999999999999977,0.9992458821194682,0.9994880109224337,0.9988913525498891,0.9991895926636809,0.9999916359316173,0.9999905829058313,CatBoost
0.5699999999999997,0.9992458821194682,0.9995732696082615,0.9988060719768037,0.9991895235251461,0.9999916359316173,0.9999905829058313,CatBoost
0.5799999999999997,0.9992458821194682,0.9995732696082615,0.9988060719768037,0.9991895235251461,0.9999916359316173,0.9999905829058313,CatBoost
0.5899999999999997,0.9992458821194682,0.9995732696082615,0.9988060719768037,0.9991895235251461,0.9999916359316173,0.9999905829058313,CatBoost
0.5999999999999998,0.9992458821194682,0.9995732696082615,0.9988060719768037,0.9991895235251461,0.9999916359316173,0.9999905829058313,CatBoost
0.6099999999999998,0.9992458821194682,0.9995732696082615,0.9988060719768037,0.9991895235251461,0.9999916359316173,0.9999905829058313,CatBoost
0.18999999999999995,0.9992061917047033,0.998806885972388,0.9994883165614873,0.9991474850809889,0.9999916359316173,0.9999905829058313,CatBoost
0.44999999999999984,0.9992061917047033,0.9994027303754266,0.9988913525498891,0.9991469760300264,0.9999916359316173,0.9999905829058313,CatBoost
0.17999999999999997,0.9991665012899384,0.9987217724755006,0.9994883165614873,0.9991048974894505,0.9999916359316173,0.9999905829058313,CatBoost
0.6299999999999997,0.9991665012899384,0.9996584991035602,0.9985502302575473,0.9991040573403303,0.9999916359316173,0.9999905829058313,CatBoost
0.16999999999999998,0.9991268108751736,0.9986366734832992,0.9994883165614873,0.9990623135282585,0.9999916359316173,0.9999905829058313,CatBoost
0.6199999999999998,0.9991268108751736,0.9995731603209834,0.9985502302575473,0.999061433447099,0.9999916359316173,0.9999905829058313,CatBoost
0.6399999999999997,0.9991268108751736,0.9996584699453552,0.9984649496844619,0.999061353357795,0.9999916359316173,0.9999905829058313,CatBoost
0.6499999999999997,0.9991268108751736,0.9996584699453552,0.9984649496844619,0.999061353357795,0.9999916359316173,0.9999905829058313,CatBoost
0.15999999999999998,0.9990871204604088,0.9985515889920763,0.9994883165614873,0.9990197331969484,0.9999916359316173,0.9999905829058313,CatBoost
0.6599999999999997,0.9990871204604088,0.9996584407821706,0.9983796691113764,0.9990186457311089,0.9999916359316173,0.9999905829058313,CatBoost
0.6699999999999997,0.999047430045644,0.9996584116140051,0.998294388538291,0.9989759344598055,0.9999916359316173,0.9999905829058313,CatBoost
0.14999999999999997,0.9990077396308792,0.9982965675836811,0.9995735971345727,0.9989346742233776,0.9999916359316173,0.9999905829058313,CatBoost
0.6799999999999997,0.9990077396308792,0.9996583824408575,0.9982091079652056,0.998933219543418,0.9999916359316173,0.9999905829058313,CatBoost
0.13,0.9989283588013494,0.9981265434727071,0.9995735971345727,0.9988495462098939,0.9999916359316173,0.9999905829058313,CatBoost
0.13999999999999999,0.9989283588013494,0.9981265434727071,0.9995735971345727,0.9988495462098939,0.9999916359316173,0.9999905829058313,CatBoost
0.6899999999999997,0.9989283588013494,0.9996583240796105,0.9980385468190346,0.9988477787735245,0.9999916359316173,0.9999905829058313,CatBoost
0.6999999999999996,0.9988886683865846,0.9996582948915086,0.9979532662459492,0.9988050529190851,0.9999916359316173,0.9999905829058313,CatBoost
0.7099999999999996,0.9988489779718198,0.9996582656984194,0.9978679856728637,0.9987623234176946,0.9999916359316173,0.9999905829058313,CatBoost
0.12,0.9987695971422902,0.9977866689367498,0.9995735971345727,0.9986793337025519,0.9999916359316173,0.9999905829058313,CatBoost
0.7299999999999996,0.9987695971422902,0.9997436116571233,0.9976121439536074,0.9986767405130832,0.9999916359316173,0.9999905829058313,CatBoost
0.7399999999999997,0.9987695971422902,0.9997436116571233,0.9976121439536074,0.9986767405130832,0.9999916359316173,0.9999905829058313,CatBoost
0.7499999999999997,0.9987695971422902,0.9997436116571233,0.9976121439536074,0.9986767405130832,0.9999916359316173,0.9999905829058313,CatBoost
0.7199999999999996,0.9987299067275253,0.9996581780892155,0.9976121439536074,0.998634113027147,0.9999916359316173,0.9999905829058313,CatBoost
0.7599999999999997,0.9987299067275253,0.9997435897435898,0.9975268633805219,0.9986339964142406,0.9999916359316173,0.9999905829058313,CatBoost
0.11,0.9986902163127604,0.9975321249255382,0.9996588777076582,0.9985943689568514,0.9999916359316173,0.9999905829058313,CatBoost
0.7699999999999997,0.9986902163127604,0.9997435678263099,0.9974415828074364,0.9985912486659552,0.9999916359316173,0.9999905829058313,CatBoost
0.1,0.998571145068466,0.9972775225455164,0.9996588777076582,0.9984667802385009,0.9999916359316173,0.9999905829058313,CatBoost
0.7799999999999997,0.998571145068466,0.9997435020519836,0.9971857410881801,0.9984629835197677,0.9999916359316173,0.9999905829058313,CatBoost
0.7899999999999996,0.9985314546537011,0.9997434801197093,0.9971004605150947,0.9984202211690363,0.9999916359316173,0.9999905829058313,CatBoost
0.7999999999999996,0.9984520738241714,0.9997434362439066,0.9969298993689237,0.998334685511764,0.9999916359316173,0.9999905829058313,CatBoost
0.8099999999999996,0.9984123834094066,0.9997434143003763,0.9968446187958383,0.9982919122042873,0.9999916359316173,0.9999905829058313,CatBoost
0.8199999999999996,0.9983726929946418,0.9997433923530922,0.9967593382227529,0.9982491352436265,0.9999916359316173,0.9999905829058313,CatBoost
0.8299999999999996,0.9983726929946418,0.9998288989648387,0.9966740576496674,0.9982489856929319,0.9999916359316173,0.9999905829058313,CatBoost
0.8399999999999996,0.9983726929946418,0.9998288989648387,0.9966740576496674,0.9982489856929319,0.9999916359316173,0.9999905829058313,CatBoost
0.8499999999999996,0.9982933121651121,0.9998288696842645,0.9965034965034965,0.998163413488233,0.9999916359316173,0.9999905829058313,CatBoost
0.8599999999999995,0.9981345505060528,0.9998288110930412,0.9961623742111547,0.9979922252125251,0.9999916359316173,0.9999905829058313,CatBoost
0.8699999999999996,0.9979360984322286,0.9998287377975681,0.9957359713457274,0.9977781575799008,0.9999916359316173,0.9999905829058313,CatBoost
0.8799999999999996,0.9978567176026989,0.9998287084618019,0.9955654101995566,0.9976925049141099,0.9999916359316173,0.9999905829058313,CatBoost
0.8899999999999996,0.9976979559436396,0.9998286497601097,0.9952242879072147,0.9975211556543294,0.9999916359316173,0.9999905829058313,CatBoost
0.8999999999999996,0.9976582655288748,0.999914302853715,0.9950537267610439,0.9974780936097457,0.9999916359316173,0.9999905829058313,CatBoost
